author_id,author_name
1,Ethan Smith
2,Noah Allen
3,Kai Garcia
4,Iris Martinez
5,Maya Wilson
6,Levi Lopez
7,Ezra Walker
8,Sienna King
9,Harper Clark
10,Theo Morales
11,Lucas Clark
12,Omar Jones
13,Luna Garcia
14,Omar Stewart
15,Elijah Roberts
16,Kai Kim
17,Luna Allen
18,Olivia Torres
19,Theo Lopez
20,Ezra Smith
21,Aiden Collins
22,Layla Mitchell
23,Ethan Cruz
24,Mateo Nguyen
25,Julian Parker
26,Olivia Phillips
27,Harper Turner
28,Amir Phillips
29,Zoe Edwards
30,Ella Murphy
31,Miles Diaz
32,Sienna Phillips
33,Luna Wright
34,Isabella Allen
35,Sophia Wright
36,Caleb Allen
37,Sienna Stewart
38,Iris Carter
39,Mateo Garcia
40,Hannah Baker
41,Zoe Parker
42,Leo Campbell
43,Samuel Rivera
44,Ella Morales
45,Ella Reyes
46,Ava Edwards
47,Kai Brown
48,Maya Gomez
49,Hannah Reyes
50,Maya Diaz
51,Hannah Evans
52,Noah Brown
53,Aria Hall
54,Chloe Allen
55,Omar Morris
56,Harper Diaz
57,Stella Edwards
58,Aiden Phillips
59,Stella Rivera
60,Aiden Turner
61,Ella Torres
62,Samuel Hall
63,Lucas Young
64,Isabella Lopez
65,Miles Lewis
66,Kai Walker
67,Levi Wright
68,Luna Edwards
69,Theo Scott
70,Olivia Young
71,Aria Hall
72,Harper Lewis
73,Omar Nguyen
74,Miles Wilson
75,Ella Smith
76,Liam Reyes
77,Aria Wilson
78,Hannah Jones
79,Ava Stewart
80,Aria Diaz
81,Levi Evans
82,Mateo Lewis
83,Liam King
84,Levi Lopez
85,Ethan Roberts
86,Hannah Kim
87,Ezra Patel
88,Amir Martinez
89,Ezra Torres
90,Sophia Allen
91,Lucas Reyes
92,Julian Morales
93,Theo Murphy
94,Nora Edwards
95,Elijah Evans
96,Caleb Torres
97,Luna Phillips
98,Omar Stewart
99,Iris Patel
100,Iris Jones
101,Leo Walker
102,Samuel Brown
103,Ivy Allen
104,Zoe Reyes
105,Ethan Clark
106,Ava Gomez
107,Caleb Morales
108,Levi Scott
109,Mia Hall
110,Aria Scott
111,Sienna Kim
112,Nora King
113,Luna Young
114,Layla Lopez
115,Miles Hall
116,Amir Wright
117,Amir Kim
118,Liam Clark
119,Omar Morales
120,Ezra Scott
121,Caleb Lopez
122,Sienna Torres
123,Chloe Wright
124,Jasper Collins
125,Hannah Evans
126,Sophia Morales
127,Mia Phillips
128,Isabella Morales
129,Samuel Garcia
130,Sophia Hall
131,Ezra Morris
132,Noah Wright
133,Ezra Smith
134,Zoe Diaz
135,Aurora Evans
136,Ella Lewis
137,Luna Phillips
138,Hannah Brown
139,Levi Campbell
140,Julian Rivera
141,Isabella Jones
142,Ivy Rivera
143,Julian Parker
144,Aria Roberts
145,Stella Smith
146,Sienna Brown
147,Isabella King
148,Isabella Lopez
149,Chloe Cruz
150,Ava Collins
151,Sienna Gomez
152,Liam Young
153,Aurora Mitchell
154,Iris Parker
155,Caleb Patel
156,Leo Wright
157,Stella Wilson
158,Aria Evans
159,Hannah Lopez
160,Noah Morales
161,Maya Clark
162,Omar Reyes
163,Ava Reyes
164,Julian Brown
165,Nora Lopez
166,Sienna Lopez
167,Amir Parker
168,Aria Cruz
169,Ella Gomez
170,Levi Diaz
171,Maya Turner
172,Stella Martinez
173,Elijah Young
174,Theo Cruz
175,Emma Kim
176,Ella Gomez
177,Mateo Cruz
178,Ella Nguyen
179,Aria Torres
180,Luna Morris
181,Hannah Martinez
182,Caleb Collins
183,Levi Campbell
184,Mateo Reyes
185,Miles Carter
186,Sienna Baker
187,Kai Allen
188,Ezra Carter
189,Nora Gomez
190,Mia Baker
191,Levi Carter
192,Elijah Martinez
193,Hannah Smith
194,Emma Cruz
195,Luna Rivera
196,Olivia Evans
197,Olivia Edwards
198,Sienna Nguyen
199,Amir Gomez
200,Amir Kim
201,Levi King
202,Mateo Murphy
203,Chloe Brown
204,Mateo Collins
205,Elijah Baker
206,Hannah Collins
207,Mia Murphy
208,Ethan Allen
209,Aria Hall
210,Sophia Phillips
211,Olivia Jones
212,Caleb Clark
213,Omar Garcia
214,Mia Baker
215,Liam Scott
216,Aiden Mitchell
217,Layla Martinez
218,Maya Edwards
219,Julian Stewart
220,Zoe Clark
221,Zoe Brown
222,Iris Carter
223,Iris Allen
224,Hannah Morris
225,Amir Hall
226,Sienna King
227,Sienna King
228,Ava Turner
229,Aria Collins
230,Ivy Kim
231,Caleb Campbell
232,Luna Torres
233,Layla King
234,Sienna Torres
235,Kai Carter
236,Levi Jones
237,Maya Carter
238,Ezra Campbell
239,Ezra Scott
240,Aria Garcia
241,Chloe Wright
242,Ava Stewart
243,Liam Morales
244,Hannah Scott
245,Nora Morales
246,Aiden Hall
247,Kai Murphy
248,Samuel Wilson
249,Olivia Smith
250,Omar Evans
251,Mia Morris
252,Harper Wilson
253,Sophia Scott
254,Isabella Gomez
255,Zoe Young
256,Emma Collins
257,Harper Edwards
258,Jasper Wright
259,Ivy King
260,Levi Scott
261,Mateo Lopez
262,Sienna Kim
263,Amir Hall
264,Chloe Reyes
265,Harper Brown
266,Chloe Nguyen
267,Samuel Collins
268,Lucas Turner
269,Harper King
270,Luna Carter
271,Harper Jones
272,Nora Diaz
273,Noah Murphy
274,Stella Baker
275,Iris Hall
276,Ethan Turner
277,Omar Gomez
278,Lucas Wilson
279,Mia Smith
280,Omar Parker
281,Lucas Jones
282,Maya Collins
283,Emma Carter
284,Sienna Mitchell
285,Miles Gomez
286,Luna Martinez
287,Julian Jones
288,Hannah Murphy
289,Julian Wright
290,Mia Mitchell
291,Leo Evans
292,Caleb Allen
293,Harper Jones
294,Harper Collins
295,Aiden Patel
296,Chloe Wright
297,Kai Lopez
298,Sienna Brown
299,Leo Morales
300,Noah Patel
301,Mateo Allen
302,Emma Stewart
303,Leo Kim
304,Stella Walker
305,Luna Walker
306,Nora Rivera
307,Amir Morales
308,Ava Wright
309,Amir Wilson
310,Miles King
311,Zoe Lopez
312,Noah Wilson
313,Ava Campbell
314,Maya Morris
315,Isabella Garcia
316,Zoe King
317,Liam Wilson
318,Julian Edwards
319,Lucas Kim
320,Levi Evans
