book_id,title,publish_date,author_id,publisher_id
1,Secret Constellation #1,1993-12-29,15,12
2,Bright Kite #2,2000-06-27,180,1
3,Shattered Harbor #3,2005-12-15,36,10
4,Velvet Chapel #4,1978-03-26,272,14
5,Luminous Forest of Fire #5,2003-03-14,160,21
6,Storm Mountain of Glass #6,1983-12-17,81,40
7,Crimson Constellation and Smoke #7,2008-01-16,249,39
8,Paper Forest of Salt #8,2000-12-19,221,8
9,Forgotten Constellation #9,2013-08-28,270,43
10,Forgotten Garden of Glass #10,1970-09-09,105,20
11,Hidden Street of Honey #11,1995-12-20,168,8
12,Midnight Atlas #12,1985-10-06,67,25
13,Emerald Kite and Bone #13,1976-06-19,204,3
14,Iron River of Stars #14,1998-02-01,295,28
15,Storm Signal #15,2007-06-22,149,8
16,Luminous River #16,1985-06-02,317,30
17,Summer Mirror of Salt #17,1991-10-30,224,38
18,Luminous Wanderer of Stone #18,2000-06-17,114,22
19,Shattered Library of Salt #19,2017-08-08,262,13
20,Wild Mirror #20,1983-04-02,121,7
21,Restless Labyrinth of Shadows #21,1976-10-05,91,41
22,Sapphire Ocean #22,2021-12-27,230,44
23,Storm Chapel #23,1998-12-30,162,10
24,Paper Library of Stone #24,1994-08-23,303,4
25,Wild Wanderer and Smoke #25,2010-07-18,20,4
26,Wild Crown of Stars #26,2025-03-05,305,33
27,Luminous Ocean #27,1973-09-06,231,37
28,Autumn Archive and Silk #28,2014-12-24,78,4
29,Paper Empire #29,2000-10-23,44,33
30,Autumn Compass and Smoke #30,2009-06-03,269,34
31,Secret Compass of Stone #31,2004-10-03,210,22
32,Winter Mountain of Night #32,1975-11-30,169,7
33,Emerald Constellation of Honey #33,2024-01-27,77,22
34,Silent City #34,2001-05-20,159,42
35,Summer Constellation of Stars #35,1997-10-10,287,25
36,Autumn Horizon #36,2017-03-23,48,42
37,Winter Forest of Ash #37,2002-07-13,159,12
38,Hidden Horizon #38,2013-08-17,99,15
39,Restless Harbor of Salt #39,2015-07-19,277,34
40,Crimson Constellation of Shadows #40,2023-08-01,193,10
41,Shattered Compass #41,1984-11-07,225,3
42,Iron Mirror #42,1991-04-24,228,40
43,Forgotten Street #43,2010-04-11,120,35
44,Last Crown #44,2012-01-29,100,24
45,Winter City #45,2011-06-03,145,25
46,Frost Wanderer of Fire #46,1987-12-01,310,9
47,Bright Garden #47,2003-04-21,284,7
48,Summer Wanderer #48,1995-07-29,43,11
49,Bright Ocean #49,1983-03-22,224,6
50,Last Ocean #50,1972-05-23,213,4
51,Luminous Wanderer and Bloom #51,1977-04-28,192,15
52,Midnight Horizon #52,2000-01-30,75,9
53,Crimson Crown #53,2012-05-21,72,31
54,Paper Mountain of Stars #54,1971-09-15,132,14
55,Restless Machine #55,2024-08-16,271,28
56,Golden Street of Stone #56,1980-12-06,25,16
57,Iron Chapel #57,2011-01-04,33,8
58,Sapphire Mountain of Thunder #58,1982-11-18,150,28
59,Midnight Mountain and Steel #59,1986-10-21,44,34
60,Wild Library #60,2018-10-24,260,33
61,Emerald River and Silk #61,1973-11-27,199,24
62,Bright Bridge of Stars #62,2000-12-07,124,43
63,Autumn Empire #63,1999-10-31,69,3
64,Wild Machine of Fire #64,2011-09-07,246,41
65,Shattered Harbor and Smoke #65,1973-04-26,151,13
66,Crimson Archive #66,1998-04-25,159,33
67,Luminous Machine of Glass #67,1987-02-23,147,23
68,Crimson Chapel of Salt #68,2003-01-07,224,26
69,Velvet Ocean #69,2004-09-08,174,12
70,Sapphire Kite of Honey #70,1977-05-31,218,6
71,Iron Mountain #71,1986-03-11,280,19
72,Ancient Empire of Stone #72,1997-07-01,229,39
73,Summer Forest and Smoke #73,2001-07-16,229,3
74,Velvet Mirror #74,2009-01-08,141,41
75,Crimson Library #75,2006-06-11,187,33
76,Velvet Constellation of Ash #76,1982-10-23,312,44
77,Paper Garden of Thunder #77,2002-11-12,186,25
78,Storm Garden #78,2010-05-14,190,24
79,Paper Street of Shadows #79,2017-07-02,188,26
80,Ancient Chapel of Salt #80,1972-04-29,96,32
81,Frost Signal #81,1980-07-25,135,17
82,Summer Ocean of Stone #82,2014-01-25,103,8
83,Restless Library and Smoke #83,1977-11-16,164,43
84,Wild Kite of Stone #84,1996-11-28,81,45
85,Autumn Compass #85,2015-08-23,115,8
86,Hidden Harbor and Silk #86,1972-05-11,185,36
87,Storm Mirror of Shadows #87,2024-11-25,45,5
88,Forgotten Signal #88,2012-12-10,270,27
89,Iron City of Night #89,1976-08-27,231,30
90,Winter Wanderer of Fire #90,1981-07-30,222,33
91,Crimson Empire of Stone #91,1984-10-09,83,21
92,Summer Tower of Stone #92,1977-01-28,129,13
93,Autumn Machine of Stone #93,2025-02-14,274,6
94,Frost Chapel of Shadows #94,1985-05-11,320,39
95,Ancient City of Ash #95,1977-04-15,24,42
96,Storm Labyrinth #96,2021-04-30,214,40
97,Autumn River of Stone #97,1997-02-07,248,16
98,Winter Signal of Stars #98,1975-05-18,81,29
99,Iron Atlas of Night #99,2024-06-05,74,21
100,Summer Horizon #100,2000-12-26,205,9
101,Wild Wanderer #101,1998-08-18,124,30
102,Golden Labyrinth of Shadows #102,1978-09-08,26,19
103,Luminous Mountain of Fire #103,1999-05-18,296,21
104,Hidden Street and Smoke #104,2014-09-30,158,32
105,Midnight Library #105,2015-05-07,235,16
106,Hidden City of Glass #106,1995-03-30,254,39
107,Autumn Constellation of Ash #107,1979-08-24,221,9
108,Bright Bridge and Bloom #108,2002-10-31,24,26
109,Crimson City #109,2002-07-11,284,19
110,Silent Signal of Honey #110,2025-11-30,313,8
111,Restless Empire of Night #111,2020-01-18,188,10
112,Hidden Mountain of Glass #112,1974-01-24,20,9
113,Summer Horizon #113,2016-08-04,234,10
114,Secret Wanderer of Night #114,1984-07-30,202,40
115,Velvet Crown #115,2015-07-07,261,35
116,Sapphire Kite #116,2012-08-09,9,24
117,Ancient Constellation and Steel #117,2022-05-14,158,45
118,Autumn River #118,1993-10-27,297,37
119,Last Bridge and Silk #119,1985-04-19,269,41
120,Velvet Mountain #120,2004-02-10,76,44
121,Last Garden #121,1979-11-11,98,2
122,Paper Horizon and Steel #122,1988-04-17,211,33
123,Secret Atlas #123,1975-08-03,71,34
124,Hidden Machine and Silk #124,2017-02-21,193,21
125,Shattered Ocean #125,2000-09-17,280,23
126,Winter Street #126,1993-09-19,313,31
127,Hidden Tower of Stone #127,1990-03-05,153,19
128,Summer Archive #128,2013-11-14,163,31
129,Wild Machine #129,1994-07-14,148,8
130,Storm Constellation and Bloom #130,2000-12-18,75,19
131,Crimson Crown #131,1977-02-02,178,29
132,Autumn Labyrinth #132,1989-03-13,104,35
133,Bright Machine #133,1982-04-26,56,40
134,Velvet City of Glass #134,2017-08-23,116,41
135,Last Garden of Night #135,2012-05-19,52,44
136,Restless River #136,1984-03-03,209,42
137,Sapphire Atlas #137,1995-10-09,165,19
138,Autumn Garden #138,1978-01-10,294,15
139,Emerald Bridge #139,1973-05-07,90,27
140,Shattered Garden #140,2005-08-13,254,12
141,Velvet Crown #141,1970-10-31,153,37
142,Secret Empire #142,2000-01-22,146,30
143,Autumn Machine of Shadows #143,2015-03-28,240,18
144,Hidden Empire and Smoke #144,1993-01-30,96,1
145,Velvet Horizon #145,2020-12-09,99,12
146,Secret Chapel #146,2008-05-15,264,21
147,Silent Signal #147,1986-07-30,72,31
148,Ancient Tower and Bloom #148,1991-02-17,229,18
149,Ancient Crown #149,2021-05-25,6,17
150,Autumn Mirror #150,1975-07-29,61,30
151,Forgotten Compass of Stone #151,1980-07-14,152,24
152,Secret Tower of Shadows #152,2012-11-25,79,30
153,Velvet Mountain and Silk #153,2018-03-23,112,16
154,Winter Street #154,1977-05-06,270,29
155,Frost Kite of Salt #155,1975-07-17,281,33
156,Hidden City of Fire #156,1999-06-09,267,29
157,Golden Constellation and Silk #157,1978-02-27,262,29
158,Crimson Ocean and Steel #158,2010-12-25,289,4
159,Emerald Ocean #159,1997-08-25,12,26
160,Bright River #160,2021-11-19,38,3
161,Iron Mirror #161,2018-07-20,31,5
162,Sapphire Garden of Fire #162,1982-02-24,216,24
163,Luminous Ocean #163,2003-11-13,193,6
164,Winter Constellation #164,1981-12-06,179,8
165,Shattered Machine of Shadows #165,1989-12-24,2,2
166,Forgotten Ocean #166,2018-11-05,218,35
167,Luminous Tower and Bone #167,1983-12-02,142,13
168,Velvet Street and Steel #168,2025-03-02,9,16
169,Hidden Library of Glass #169,2010-01-19,307,44
170,Summer Garden of Glass #170,2006-02-02,225,15
171,Emerald Archive #171,1975-01-24,72,33
172,Forgotten Tower #172,2021-09-07,164,37
173,Secret Street #173,1998-10-08,122,20
174,Restless Constellation and Steel #174,1996-12-16,141,4
175,Emerald City #175,1985-09-17,219,36
176,Sapphire Garden #176,2004-03-12,269,21
177,Summer Forest of Stone #177,2003-10-10,95,35
178,Sapphire Tower #178,1996-12-24,74,30
179,Crimson Machine and Steel #179,2019-12-31,272,9
180,Luminous Tower of Night #180,1977-02-03,231,24
181,Silent Machine #181,1987-02-02,27,18
182,Luminous Constellation #182,1973-07-19,38,13
183,Storm Bridge #183,1989-06-21,246,14
184,Ancient Crown #184,1971-05-18,109,13
185,Velvet Empire #185,2012-12-19,125,45
186,Secret Kite of Thunder #186,2019-07-13,165,19
187,Luminous Ocean and Bone #187,1997-09-02,134,24
188,Frost Atlas and Silk #188,1998-09-24,105,24
189,Ancient Forest of Thunder #189,1983-02-03,9,17
190,Emerald City #190,2007-06-19,152,10
191,Hidden Horizon of Thunder #191,2014-10-18,282,42
192,Winter Horizon and Silk #192,2014-01-05,236,11
193,Velvet Mirror and Silk #193,1986-07-06,278,42
194,Crimson Wanderer of Stars #194,1974-05-09,4,27
195,Restless Chapel of Shadows #195,1970-10-27,112,33
196,Paper Mirror and Silk #196,2013-10-08,9,1
197,Emerald Machine of Ash #197,2017-06-30,141,35
198,Forgotten River and Steel #198,1986-01-31,55,7
199,Frost Harbor of Honey #199,2001-10-19,137,26
200,Silent Mirror #200,2011-03-07,290,16
201,Summer Tower of Stars #201,1972-11-04,48,26
202,Luminous Signal #202,1975-01-13,5,45
203,Shattered Library and Steel #203,1999-09-21,290,7
204,Frost Garden and Silk #204,1994-04-28,24,5
205,Winter Labyrinth #205,2020-07-22,17,12
206,Ancient River #206,2022-08-31,74,26
207,Silent Crown of Thunder #207,2020-11-03,200,44
208,Emerald Horizon of Shadows #208,1977-01-13,257,23
209,Crimson Empire of Stars #209,2000-07-22,310,40
210,Secret Signal #210,1999-04-13,16,41
211,Bright Ocean and Bone #211,2019-08-13,193,28
212,Shattered Constellation #212,2004-02-06,44,40
213,Forgotten Tower #213,1977-05-12,138,10
214,Luminous Kite #214,1983-11-04,200,21
215,Wild Empire of Stone #215,2009-11-25,185,18
216,Golden Harbor and Steel #216,2010-04-08,286,36
217,Frost Forest of Stars #217,2001-10-02,284,6
218,Secret Mountain #218,2004-07-24,7,19
219,Iron Signal #219,2020-03-13,125,37
220,Frost Compass #220,1985-03-17,72,18
221,Forgotten Labyrinth of Stars #221,1985-01-01,223,18
222,Iron Crown of Stars #222,2002-05-26,129,16
223,Velvet Chapel of Snow #223,2011-01-29,55,9
224,Forgotten River #224,1999-10-22,318,25
225,Ancient Ocean of Shadows #225,1996-12-14,165,39
226,Summer Archive of Fire #226,2005-09-23,164,19
227,Velvet Kite #227,2021-08-31,125,21
228,Luminous Labyrinth #228,2005-04-02,187,8
229,Storm Archive #229,2018-12-14,93,44
230,Emerald River #230,2011-06-01,108,29
231,Forgotten Kite and Steel #231,2014-10-18,72,41
232,Forgotten Tower of Shadows #232,2007-12-18,194,5
233,Paper Mountain and Bloom #233,2017-12-10,260,45
234,Iron Machine and Bone #234,2018-03-03,305,41
235,Silent Empire #235,2001-11-06,86,42
236,Secret Garden #236,2005-11-07,170,28
237,Golden River of Thunder #237,2015-10-25,266,36
238,Storm Kite #238,2009-12-29,192,26
239,Paper Street #239,2014-11-25,78,23
240,Midnight Atlas and Steel #240,1977-09-14,60,10
241,Wild Crown of Snow #241,2016-10-01,248,23
242,Sapphire Empire and Smoke #242,1998-08-12,35,20
243,Crimson Kite of Night #243,1979-10-24,85,16
244,Frost Compass #244,1999-09-11,287,28
245,Paper Tower #245,1986-07-20,96,41
246,Winter Forest of Snow #246,2010-05-02,304,28
247,Luminous River #247,1988-06-18,143,5
248,Storm Empire #248,2018-03-02,96,24
249,Ancient Archive of Honey #249,2013-11-30,271,41
250,Ancient Mountain and Bloom #250,2022-08-30,59,23
251,Wild Ocean #251,1996-09-07,315,38
252,Silent Constellation of Salt #252,1991-05-28,157,8
253,Shattered Mirror #253,2015-10-30,199,27
254,Secret Harbor #254,2007-12-15,96,32
255,Autumn Machine #255,1985-07-17,285,11
256,Sapphire Crown of Night #256,2010-06-18,318,4
257,Wild River of Snow #257,2004-06-12,288,33
258,Autumn Atlas and Silk #258,2007-04-16,228,32
259,Shattered Library #259,1989-10-14,150,3
260,Bright Tower of Fire #260,2011-01-11,290,32
261,Emerald Wanderer of Salt #261,1994-01-13,279,24
262,Emerald Street and Smoke #262,2019-01-06,112,28
263,Golden Bridge #263,1992-03-17,153,3
264,Paper Labyrinth of Stars #264,2009-05-23,61,16
265,Hidden Bridge #265,2001-06-16,313,41
266,Iron Compass #266,1988-07-15,106,4
267,Storm Mirror of Fire #267,1999-01-14,150,19
268,Storm Labyrinth #268,2016-02-25,49,9
269,Iron Garden #269,1981-05-20,68,16
270,Restless Kite of Thunder #270,2005-03-26,251,10
271,Storm Chapel and Steel #271,2003-08-29,232,5
272,Autumn Street of Honey #272,2003-02-10,233,32
273,Ancient City of Stars #273,2011-02-17,184,5
274,Emerald Signal and Steel #274,1989-01-02,254,18
275,Ancient Crown of Shadows #275,2020-10-16,249,22
276,Winter Street of Salt #276,2011-03-26,9,8
277,Shattered Ocean and Steel #277,1988-02-25,68,42
278,Forgotten Compass #278,1994-08-02,48,42
279,Wild Labyrinth of Fire #279,1974-08-24,203,41
280,Forgotten Bridge #280,1991-01-03,220,42
281,Silent Kite of Snow #281,2012-10-11,40,9
282,Storm Tower and Smoke #282,1970-11-01,5,45
283,Ancient Empire #283,2007-11-21,68,31
284,Silent Tower of Salt #284,1979-04-05,161,24
285,Forgotten Harbor of Shadows #285,1982-10-26,36,34
286,Storm River #286,1984-09-21,226,23
287,Velvet Archive #287,1983-08-01,211,40
288,Winter Ocean #288,1977-10-11,52,9
289,Golden City #289,2001-07-16,220,21
290,Restless Tower of Stars #290,1992-04-06,284,39
291,Secret Bridge #291,1972-05-28,155,14
292,Frost Mountain and Bloom #292,1996-07-07,28,16
293,Sapphire Signal and Silk #293,2023-04-14,37,34
294,Midnight Mirror #294,1981-11-03,199,37
295,Iron Mirror of Fire #295,2012-04-04,38,2
296,Storm Library of Snow #296,1973-07-29,31,26
297,Frost Crown #297,2014-12-14,213,28
298,Summer Signal of Shadows #298,1994-11-23,43,20
299,Silent Wanderer #299,1983-12-10,275,21
300,Luminous City #300,1975-12-07,159,45
301,Iron Bridge #301,1991-05-30,30,16
302,Silent Forest of Glass #302,1997-09-30,90,8
303,Midnight Kite of Ash #303,1984-09-12,255,23
304,Frost Wanderer #304,1993-04-05,86,24
305,Restless Bridge #305,1994-02-10,61,2
306,Ancient Forest of Stars #306,1993-08-04,296,41
307,Silent Atlas and Bone #307,1974-12-22,256,37
308,Shattered Mirror of Salt #308,2021-06-27,60,15
309,Velvet Wanderer of Ash #309,1991-12-10,24,31
310,Wild Signal #310,1986-01-21,19,36
311,Summer Bridge #311,1990-02-21,165,16
312,Iron Bridge of Stars #312,2021-04-11,191,8
313,Frost Constellation #313,1986-02-02,115,34
314,Crimson Signal and Smoke #314,1995-04-30,160,21
315,Silent Machine and Bone #315,1988-01-02,150,37
316,Forgotten Bridge #316,2011-08-15,189,38
317,Sapphire Street #317,2019-01-13,126,10
318,Midnight Forest and Bone #318,1970-11-11,172,1
319,Winter Signal #319,1997-08-03,54,14
320,Frost Tower of Glass #320,1982-10-10,144,6
321,Crimson Tower #321,2016-08-18,212,45
322,Wild Ocean #322,1977-08-14,298,7
323,Frost Harbor #323,2005-05-19,39,38
324,Storm Garden of Shadows #324,1991-03-30,150,17
325,Ancient Signal #325,1999-04-09,163,29
326,Bright Tower of Snow #326,1982-03-19,300,7
327,Restless Empire and Smoke #327,1998-03-05,209,8
328,Emerald Mirror #328,1988-08-17,232,20
329,Paper Labyrinth #329,1978-02-10,81,44
330,Forgotten Kite #330,1973-08-14,111,21
331,Restless Library #331,2001-11-30,203,33
332,Crimson Constellation of Fire #332,1972-10-15,208,29
333,Emerald Bridge #333,1978-07-01,237,7
334,Restless Empire of Thunder #334,1981-09-23,102,26
335,Wild Constellation #335,1977-07-16,299,38
336,Bright Library of Stars #336,1987-09-28,228,9
337,Silent Horizon and Smoke #337,1974-07-18,87,37
338,Iron Bridge of Ash #338,2004-05-03,219,12
339,Wild Archive #339,1994-09-02,144,29
340,Restless Garden #340,2025-05-09,126,42
341,Forgotten Atlas and Silk #341,1975-06-22,45,18
342,Luminous Harbor of Thunder #342,2018-10-10,10,25
343,Summer Mirror and Silk #343,2000-11-12,290,33
344,Ancient Signal of Ash #344,1998-08-10,306,15
345,Midnight Street and Silk #345,2017-07-01,184,38
346,Last Compass of Thunder #346,1993-11-29,274,4
347,Last City #347,2004-11-05,182,12
348,Shattered Tower #348,2002-03-10,303,2
349,Summer Kite of Shadows #349,2020-07-08,97,32
350,Emerald Crown of Glass #350,1978-02-05,29,15
351,Secret Tower and Silk #351,1970-01-23,170,40
352,Hidden Harbor of Fire #352,1999-01-12,31,2
353,Restless City #353,1982-09-16,57,34
354,Wild Library and Bloom #354,2022-07-29,52,22
355,Forgotten Horizon of Fire #355,2009-03-12,250,42
356,Ancient Compass #356,2020-06-01,315,23
357,Last Constellation #357,1985-09-24,194,20
358,Velvet Kite of Fire #358,1970-02-28,294,26
359,Storm Garden of Night #359,2024-11-06,114,41
360,Storm Empire #360,1982-08-14,170,5
361,Last Mirror #361,1985-01-23,46,43
362,Autumn Bridge #362,2010-01-26,6,17
363,Hidden Tower #363,2001-06-11,132,7
364,Velvet River and Smoke #364,2007-08-26,86,27
365,Sapphire Signal and Bloom #365,1979-02-06,246,37
366,Autumn Street #366,1984-08-04,232,5
367,Crimson Crown of Honey #367,1979-05-25,38,22
368,Shattered Signal of Stars #368,2019-01-29,48,22
369,Secret Mountain #369,1972-10-12,221,42
370,Shattered Mountain #370,1984-02-04,28,7
371,Ancient Archive #371,2006-09-20,284,35
372,Bright Constellation of Thunder #372,1978-08-09,26,26
373,Storm Machine #373,1983-10-12,28,24
374,Midnight Forest and Silk #374,1987-11-30,50,2
375,Hidden Compass #375,1977-05-08,243,8
376,Forgotten Signal of Honey #376,1978-03-06,279,25
377,Shattered Mirror #377,2003-02-21,96,29
378,Crimson Labyrinth of Honey #378,1990-04-19,138,37
379,Crimson Harbor #379,1978-09-04,44,43
380,Wild Machine of Thunder #380,2019-09-01,32,25
381,Frost Forest #381,2012-08-07,294,16
382,Sapphire Crown of Glass #382,2015-01-17,293,34
383,Storm Constellation #383,1983-03-25,62,29
384,Shattered Compass #384,1987-04-17,65,3
385,Iron Library #385,2009-01-22,104,41
386,Restless Mountain of Stars #386,1977-10-22,199,36
387,Luminous Machine of Honey #387,2016-08-16,235,1
388,Summer Mountain #388,2007-08-24,58,27
389,Restless Harbor #389,2022-04-11,52,7
390,Storm Street of Stone #390,2018-01-20,177,27
391,Bright Signal #391,2021-04-27,312,31
392,Crimson Compass of Shadows #392,2025-06-19,312,44
393,Summer Signal of Night #393,1991-04-25,26,31
394,Bright Mirror of Stone #394,1997-11-24,144,32
395,Summer Constellation of Thunder #395,1982-01-21,154,29
396,Ancient Labyrinth #396,2024-04-10,46,13
397,Paper Archive #397,2006-07-13,249,34
398,Wild Garden of Fire #398,1975-11-21,160,33
399,Luminous Harbor #399,2017-01-13,292,2
400,Shattered Archive #400,1988-01-04,30,16
401,Crimson Ocean and Bone #401,1987-11-12,141,24
402,Paper Wanderer of Salt #402,1972-09-28,124,24
403,Sapphire Mountain and Silk #403,2022-08-26,283,23
404,Wild Compass #404,1993-03-16,47,19
405,Midnight Signal of Snow #405,1989-11-10,116,44
406,Hidden Labyrinth #406,2016-01-19,11,44
407,Midnight Atlas #407,1985-07-16,308,1
408,Last Labyrinth #408,1997-05-28,141,28
409,Luminous Mirror of Snow #409,2011-11-14,155,44
410,Frost Mountain of Salt #410,1970-08-29,262,43
411,Wild Machine #411,2024-08-22,145,20
412,Winter Empire of Night #412,1994-10-21,167,18
413,Bright Chapel #413,1996-10-21,97,10
414,Frost Street of Glass #414,2023-10-31,207,43
415,Ancient Constellation of Ash #415,2014-08-15,152,17
416,Iron Signal of Glass #416,2022-04-22,293,13
417,Ancient Bridge #417,2017-12-18,244,43
418,Wild Wanderer of Fire #418,2020-01-31,93,19
419,Golden Atlas of Honey #419,2020-02-26,94,44
420,Ancient Chapel and Bone #420,1990-01-14,158,27
421,Ancient Mirror of Stone #421,2011-08-10,61,31
422,Crimson Chapel #422,2025-09-06,37,31
423,Hidden Wanderer and Bloom #423,2017-07-14,153,27
424,Crimson Harbor of Snow #424,2000-09-28,210,37
425,Paper Harbor of Fire #425,1977-04-02,250,22
426,Autumn Compass of Glass #426,1970-06-04,232,18
427,Hidden Street #427,2021-09-13,82,32
428,Silent Harbor #428,2008-07-10,207,28
429,Sapphire Signal of Snow #429,2003-06-22,8,21
430,Frost Archive of Ash #430,1992-04-28,116,45
431,Wild Crown and Bloom #431,2015-02-27,302,20
432,Shattered Library #432,1996-10-02,149,30
433,Velvet Wanderer #433,2000-04-23,223,44
434,Restless Horizon #434,2013-12-23,184,13
435,Shattered Signal of Thunder #435,1981-10-09,109,2
436,Storm Wanderer and Bone #436,1973-05-09,193,41
437,Bright Street of Glass #437,2023-04-14,25,43
438,Golden Chapel #438,1974-04-30,60,27
439,Paper Signal of Honey #439,2012-07-24,79,14
440,Summer Constellation #440,1997-01-05,216,43
441,Golden Constellation of Shadows #441,2007-07-30,54,33
442,Velvet Mountain of Salt #442,1979-07-15,255,13
443,Secret Archive #443,2016-12-07,104,23
444,Summer Forest of Glass #444,2019-03-06,255,14
445,Summer Atlas of Ash #445,1971-02-22,46,8
446,Storm Constellation of Stars #446,2015-11-28,39,7
447,Bright Chapel of Stone #447,1993-09-11,238,4
448,Golden Compass #448,1996-01-26,185,44
449,Ancient Forest #449,1978-07-10,24,1
450,Restless Constellation #450,1999-06-27,184,29
451,Secret Labyrinth #451,1978-05-04,191,22
452,Shattered Empire and Smoke #452,1994-05-22,198,45
453,Sapphire Forest #453,1984-12-18,58,9
454,Summer Bridge of Fire #454,1979-04-22,214,38
455,Sapphire City #455,1986-04-06,313,25
456,Wild Mountain of Shadows #456,2013-05-04,250,8
457,Iron Ocean of Honey #457,1998-03-11,7,44
458,Frost Street #458,2020-09-09,115,43
459,Ancient Wanderer of Salt #459,2008-10-31,128,31
460,Wild Constellation #460,2004-07-12,77,36
461,Secret Garden of Fire #461,2015-05-11,241,32
462,Shattered Library #462,1998-10-07,124,22
463,Bright Garden and Bloom #463,2006-03-07,121,6
464,Paper Ocean #464,2010-03-15,46,32
465,Paper Horizon and Silk #465,1971-08-06,53,26
466,Iron Garden #466,1970-01-06,47,39
467,Secret Chapel of Snow #467,2010-12-06,175,24
468,Crimson Tower #468,1999-10-14,287,40
469,Secret Atlas #469,2002-08-05,232,8
470,Golden Street #470,1970-03-13,175,23
471,Autumn Crown and Bone #471,1979-07-16,24,11
472,Sapphire Harbor #472,2006-09-18,55,17
473,Secret Archive and Bloom #473,1989-05-05,235,13
474,Summer Horizon and Steel #474,1974-03-04,302,8
475,Paper Ocean #475,2015-03-27,69,32
476,Midnight Wanderer #476,2019-08-20,222,38
477,Sapphire Wanderer #477,1985-11-24,297,12
478,Velvet Harbor of Night #478,2015-03-24,197,27
479,Secret Kite #479,1994-07-19,204,22
480,Forgotten Ocean #480,1982-05-25,212,39
481,Summer Bridge of Night #481,2019-08-31,112,13
482,Hidden Mountain #482,2000-12-23,68,42
483,Shattered Wanderer of Night #483,1980-05-09,181,36
484,Sapphire City #484,2007-06-15,274,19
485,Iron River of Ash #485,2004-03-03,75,4
486,Winter Garden of Fire #486,1995-09-18,129,10
487,Crimson Kite #487,1988-04-20,278,3
488,Wild Ocean of Thunder #488,2020-05-09,200,16
489,Frost Kite of Glass #489,2004-03-26,199,27
490,Winter Horizon #490,1974-10-29,7,17
491,Hidden Mountain #491,2009-10-01,116,41
492,Summer Kite #492,2022-10-15,280,39
493,Hidden Street #493,1987-05-12,151,29
494,Shattered Constellation of Fire #494,2016-02-06,62,25
495,Crimson Forest of Honey #495,1981-09-02,83,38
496,Bright River of Shadows #496,1973-08-01,79,21
497,Secret Garden #497,2025-03-25,155,32
498,Storm Machine of Night #498,2017-02-19,113,12
499,Frost Library #499,1984-04-19,213,35
500,Emerald Signal of Thunder #500,1989-02-21,170,22
501,Wild Crown and Silk #501,2020-05-11,5,8
502,Winter Mirror of Thunder #502,1973-07-30,165,25
503,Golden Signal of Stone #503,1972-03-20,265,24
504,Frost Wanderer of Glass #504,1996-08-05,99,21
505,Frost Library #505,1985-01-07,276,35
506,Midnight Chapel of Snow #506,2008-01-22,54,14
507,Emerald Kite #507,2009-01-17,37,44
508,Restless River of Night #508,1973-05-26,45,5
509,Crimson Compass #509,2020-01-26,37,37
510,Last Labyrinth and Smoke #510,2006-04-14,222,21
511,Midnight Signal #511,2017-12-25,4,42
512,Velvet Mountain of Glass #512,1976-07-06,184,33
513,Golden Crown #513,1997-01-13,311,6
514,Forgotten Street #514,2004-03-21,203,43
515,Midnight Atlas of Thunder #515,1982-03-27,201,35
516,Forgotten Chapel and Bone #516,1971-01-01,284,36
517,Restless Empire and Bloom #517,2018-03-11,281,6
518,Forgotten Archive #518,2000-11-06,109,27
519,Autumn Wanderer of Fire #519,1989-10-22,316,17
520,Hidden Empire of Glass #520,2019-03-29,237,42
521,Emerald Library of Stars #521,1992-06-28,51,13
522,Velvet City of Night #522,2002-01-15,66,43
523,Autumn Tower of Stars #523,1987-05-12,163,32
524,Paper Horizon #524,1997-06-04,300,10
525,Storm City of Night #525,2008-06-04,87,1
526,Ancient Tower #526,2009-02-15,142,24
527,Restless Constellation #527,2013-01-22,237,29
528,Wild Street of Salt #528,1985-10-08,311,6
529,Bright Harbor #529,1987-08-16,135,41
530,Silent Bridge of Ash #530,2015-07-03,16,38
531,Storm Signal #531,1989-02-01,19,36
532,Bright Machine #532,2018-06-02,242,42
533,Restless Mirror of Stone #533,1982-01-05,238,33
534,Frost Library of Ash #534,1991-06-07,315,44
535,Shattered Street and Smoke #535,1984-04-14,92,37
536,Storm Constellation #536,1983-02-12,248,23
537,Crimson Tower #537,1990-10-16,33,17
538,Wild Tower of Snow #538,2016-06-18,185,25
539,Sapphire Ocean #539,1973-07-31,166,7
540,Summer Wanderer #540,1994-07-15,135,38
541,Emerald City and Bloom #541,2002-10-10,301,42
542,Silent Wanderer of Thunder #542,2016-04-29,208,23
543,Wild Atlas #543,2024-03-16,4,33
544,Restless Ocean of Stars #544,2016-02-29,144,14
545,Restless Compass of Salt #545,1990-08-31,213,22
546,Velvet Empire and Silk #546,2012-12-22,108,38
547,Shattered Chapel #547,1972-01-06,125,3
548,Restless City #548,1982-02-01,263,3
549,Storm Harbor of Honey #549,1986-02-25,265,26
550,Secret City #550,1995-06-07,44,14
551,Paper Mountain #551,2013-03-19,88,15
552,Iron Mountain of Fire #552,2025-11-29,262,17
553,Shattered Bridge #553,2010-09-07,306,38
554,Silent Tower of Shadows #554,1979-09-28,9,13
555,Frost Wanderer #555,1983-06-02,311,7
556,Shattered Atlas #556,2023-10-24,20,35
557,Frost Street and Silk #557,1981-09-10,309,35
558,Midnight Street #558,2008-09-17,268,27
559,Wild Garden #559,2008-06-26,118,31
560,Luminous Mirror #560,2021-09-08,51,28
561,Restless Labyrinth of Thunder #561,1977-07-09,146,39
562,Emerald Forest of Ash #562,1970-08-22,296,34
563,Golden Wanderer of Snow #563,1998-05-05,210,24
564,Golden Harbor of Honey #564,1993-06-11,275,28
565,Storm Mirror #565,2005-08-28,105,27
566,Emerald Machine and Bone #566,2020-02-28,285,31
567,Bright Crown #567,2005-09-19,71,43
568,Golden Bridge of Fire #568,1978-12-30,110,33
569,Luminous Horizon #569,2025-02-01,27,11
570,Luminous Chapel of Stars #570,1983-01-15,242,39
571,Iron Library of Thunder #571,2003-04-09,41,39
572,Crimson Bridge and Bloom #572,2025-01-30,267,19
573,Summer Mountain of Fire #573,2014-05-09,225,1
574,Hidden Constellation #574,2016-06-26,147,13
575,Crimson Mountain of Thunder #575,2025-03-11,87,44
576,Crimson Mirror of Ash #576,1984-02-16,45,18
577,Luminous Mirror #577,2006-05-17,301,13
578,Frost River #578,1976-02-27,47,36
579,Forgotten Bridge #579,2022-04-19,179,23
580,Bright Tower #580,1987-06-15,233,26
581,Storm River and Steel #581,2015-06-02,55,36
582,Silent Wanderer of Salt #582,2016-01-19,132,35
583,Storm Labyrinth #583,2003-10-31,289,31
584,Last Street and Smoke #584,2011-05-02,301,2
585,Sapphire Empire and Bloom #585,1989-10-09,118,21
586,Iron Mirror of Ash #586,1993-08-17,128,19
587,Silent Signal #587,2000-09-06,39,36
588,Shattered Atlas of Snow #588,2021-06-21,138,12
589,Velvet Constellation #589,1987-01-23,256,13
590,Last Bridge of Honey #590,1988-07-20,118,13
591,Last Mountain of Salt #591,1980-10-03,41,44
592,Winter Atlas #592,2018-07-31,22,31
593,Wild Mountain of Honey #593,2014-01-12,94,33
594,Bright Signal of Shadows #594,1974-11-10,270,28
595,Sapphire Machine and Bone #595,2005-04-28,90,30
596,Golden Kite of Night #596,1970-10-03,7,44
597,Hidden Signal #597,1999-03-13,186,40
598,Bright Compass of Thunder #598,1994-03-03,242,40
599,Ancient Mirror and Steel #599,1988-11-20,215,45
600,Wild Mirror #600,1995-02-01,231,12
601,Storm Harbor #601,1990-07-04,52,18
602,Last Machine and Bloom #602,1987-08-04,75,10
603,Sapphire River and Silk #603,1982-01-24,265,35
604,Velvet Horizon #604,1996-12-01,129,36
605,Storm Garden of Fire #605,1975-05-22,111,17
606,Sapphire Chapel of Night #606,1993-04-22,185,24
607,Emerald Machine #607,1993-02-13,177,2
608,Iron Empire of Snow #608,2021-10-02,295,42
609,Autumn Machine of Stone #609,2001-11-10,167,44
610,Frost Atlas #610,2010-02-05,41,25
611,Secret Crown of Shadows #611,1985-01-13,173,27
612,Autumn Mountain #612,1976-05-26,41,11
613,Ancient Tower of Stone #613,1993-12-30,310,42
614,Luminous Labyrinth #614,2002-08-01,301,34
615,Paper Forest of Ash #615,1981-03-21,121,43
616,Bright Bridge #616,1977-03-08,108,11
617,Luminous Empire and Silk #617,2019-03-16,28,2
618,Luminous Wanderer #618,1977-06-20,54,17
619,Secret Harbor and Bloom #619,1997-10-03,118,16
620,Velvet Crown of Shadows #620,1981-10-11,270,11
621,Midnight Garden #621,1999-03-06,244,30
622,Emerald Labyrinth of Shadows #622,2018-05-20,91,38
623,Secret Ocean #623,2020-08-06,223,34
624,Autumn Chapel and Bone #624,2013-03-18,277,15
625,Silent Ocean and Steel #625,1993-04-23,80,20
626,Midnight River of Shadows #626,2000-11-07,147,31
627,Emerald River #627,2014-02-18,245,20
628,Midnight Street of Stone #628,2023-07-24,119,1
629,Emerald Mirror and Steel #629,2005-06-01,128,11
630,Summer Bridge #630,2003-12-12,113,17
631,Silent Forest #631,2016-05-07,314,45
632,Winter Labyrinth of Honey #632,2007-01-17,97,5
633,Shattered Harbor and Smoke #633,2025-06-02,232,18
634,Summer Mountain of Night #634,1971-09-28,78,4
635,Emerald River of Salt #635,1995-04-24,138,9
636,Summer Ocean #636,1990-11-20,47,10
637,Midnight Atlas and Steel #637,1997-12-14,256,24
638,Paper Kite #638,1999-08-18,42,10
639,Crimson Labyrinth #639,1976-05-28,279,31
640,Shattered Archive #640,1992-06-08,196,1
641,Golden Street #641,2004-07-10,227,16
642,Velvet Garden of Salt #642,2016-10-02,107,31
643,Luminous Constellation #643,1998-12-26,82,41
644,Velvet Garden #644,2019-04-22,267,8
645,Bright Atlas #645,1987-10-30,185,4
646,Winter Archive #646,1991-03-04,223,21
647,Midnight Compass #647,2022-06-16,62,26
648,Last River #648,2022-02-17,244,45
649,Secret Harbor of Stars #649,1992-04-25,81,32
650,Silent Constellation #650,1975-05-22,31,23
651,Autumn Harbor #651,1979-08-21,65,32
652,Last Horizon #652,2001-02-27,225,13
653,Midnight Kite of Shadows #653,1992-06-28,21,32
654,Summer Ocean #654,2018-09-10,251,13
655,Storm Compass of Night #655,2012-01-09,141,39
656,Emerald Compass of Shadows #656,2010-04-26,152,17
657,Emerald Mirror and Bloom #657,1986-08-24,10,40
658,Wild Street #658,1998-10-09,33,43
659,Emerald Signal and Silk #659,2019-06-23,79,40
660,Forgotten Horizon of Night #660,1979-11-29,50,34
661,Winter Library of Shadows #661,1986-01-10,17,13
662,Golden Atlas of Glass #662,2021-03-24,199,43
663,Sapphire Wanderer #663,2022-12-16,132,4
664,Wild Tower #664,1976-05-11,7,14
665,Autumn Atlas #665,1977-03-05,240,41
666,Crimson Mirror #666,2007-04-26,189,4
667,Secret Labyrinth of Stars #667,1997-04-07,40,14
668,Frost Empire of Thunder #668,2017-09-12,198,13
669,Hidden Wanderer #669,2021-02-20,92,36
670,Velvet Machine of Salt #670,2021-09-22,184,44
671,Paper Kite #671,1979-05-05,86,12
672,Emerald Signal of Fire #672,2017-11-24,308,29
673,Wild Horizon #673,1999-02-16,191,27
674,Autumn Forest #674,1999-01-07,312,16
675,Storm Machine of Honey #675,2002-04-19,232,29
676,Luminous River #676,1995-07-10,306,2
677,Frost Harbor #677,1997-01-29,4,20
678,Last Archive #678,1971-12-13,142,36
679,Frost Machine #679,2021-04-13,80,7
680,Crimson Ocean of Shadows #680,1993-10-10,188,38
681,Last Tower of Stone #681,1978-03-31,293,26
682,Storm Archive #682,1999-02-17,248,12
683,Sapphire Kite #683,1978-07-22,305,42
684,Forgotten Garden #684,2021-09-13,196,6
685,Crimson Street and Steel #685,2007-05-15,62,15
686,Velvet Chapel #686,1971-01-10,196,4
687,Forgotten Wanderer of Shadows #687,1999-04-28,258,45
688,Last Harbor and Bloom #688,2009-12-23,305,37
689,Frost Library of Stone #689,2005-05-18,76,9
690,Ancient Library of Glass #690,2019-03-06,205,17
691,Silent Signal of Shadows #691,1982-02-06,247,36
692,Hidden Atlas of Snow #692,2020-05-06,316,34
693,Last Tower and Steel #693,1999-01-06,295,6
694,Golden Constellation and Bone #694,2001-04-01,98,21
695,Wild Mountain #695,1997-05-07,87,23
696,Secret Ocean #696,2009-07-08,23,15
697,Hidden Constellation of Stars #697,1980-01-31,28,16
698,Secret Harbor #698,1995-10-23,8,22
699,Summer Empire and Silk #699,1972-01-16,170,14
700,Velvet Machine of Honey #700,2019-03-28,248,40
701,Velvet Harbor #701,1971-08-26,193,38
702,Winter Wanderer of Fire #702,1975-05-24,146,13
703,Summer Mountain and Smoke #703,1970-10-01,35,25
704,Winter Labyrinth #704,2002-04-26,56,2
705,Forgotten Chapel and Bloom #705,2015-08-16,51,21
706,Sapphire Mountain of Fire #706,1987-11-04,257,30
707,Emerald Kite of Thunder #707,2017-06-30,157,22
708,Sapphire Signal #708,1971-08-26,178,44
709,Wild Mirror #709,1991-03-11,257,18
710,Crimson Chapel and Bloom #710,1972-08-23,285,18
711,Last Harbor and Bloom #711,1982-04-25,45,25
712,Frost Constellation #712,1990-05-28,214,16
713,Storm Harbor of Stone #713,2024-04-23,169,29
714,Emerald Harbor of Shadows #714,2022-02-16,278,44
715,Hidden Harbor of Shadows #715,2008-08-01,75,42
716,Storm Compass of Salt #716,1986-07-09,163,10
717,Velvet River #717,2007-02-23,211,20
718,Paper Bridge #718,1994-07-25,78,13
719,Golden Harbor of Honey #719,2024-05-01,291,40
720,Last Mountain of Ash #720,2002-03-26,41,45
721,Sapphire Harbor and Silk #721,2003-07-20,95,25
722,Sapphire Atlas of Snow #722,1990-04-20,17,27
723,Midnight Labyrinth #723,1989-12-19,104,14
724,Silent Compass #724,2009-05-30,316,32
725,Summer Horizon #725,1992-02-21,219,26
726,Crimson Mountain #726,2004-02-16,161,26
727,Secret Bridge #727,2018-02-06,269,42
728,Summer Garden and Smoke #728,2010-12-28,22,16
729,Frost Machine of Glass #729,2020-01-13,199,34
730,Autumn Garden and Smoke #730,2005-09-16,156,19
731,Paper Compass of Glass #731,2016-05-19,73,30
732,Autumn Ocean of Salt #732,1986-02-16,300,45
733,Emerald Harbor of Night #733,2010-06-14,13,12
734,Paper City #734,1988-02-12,233,6
735,Bright Horizon #735,1984-09-17,64,6
736,Golden Kite and Bone #736,1977-08-27,269,25
737,Velvet Wanderer #737,1984-05-06,194,36
738,Luminous Garden #738,2000-01-27,290,43
739,Restless Compass #739,1986-01-18,27,27
740,Forgotten Crown #740,2010-01-13,148,41
741,Shattered Empire #741,1988-03-14,2,40
742,Bright River and Silk #742,2018-10-05,3,39
743,Sapphire Tower and Silk #743,2010-09-16,210,29
744,Silent Mountain #744,1991-12-15,281,18
745,Secret Chapel #745,1988-08-17,26,12
746,Restless Garden #746,1973-04-18,75,3
747,Winter City #747,1996-10-10,170,6
748,Crimson Empire of Fire #748,1984-06-22,146,40
749,Winter Kite #749,2021-05-05,288,12
750,Paper Bridge #750,1973-03-20,48,20
751,Ancient Mirror #751,1976-01-27,219,36
752,Silent Crown of Salt #752,1994-08-15,169,34
753,Iron Wanderer of Snow #753,2024-11-28,30,7
754,Storm Bridge #754,2017-06-15,45,31
755,Velvet Kite #755,1995-10-07,219,39
756,Ancient Labyrinth and Bone #756,1981-08-21,315,37
757,Sapphire Wanderer #757,2014-08-27,253,12
758,Secret Tower #758,1987-05-14,1,8
759,Midnight Ocean #759,1980-07-31,107,40
760,Iron Forest and Bone #760,2020-04-11,109,1
761,Autumn Archive #761,1992-10-28,35,20
762,Forgotten Wanderer of Ash #762,1980-03-19,171,22
763,Luminous Bridge #763,1972-08-12,90,13
764,Ancient Horizon #764,2012-12-25,243,3
765,Autumn Harbor and Smoke #765,2018-03-05,172,30
766,Iron Bridge of Stone #766,2020-09-07,162,36
767,Emerald River of Night #767,2001-09-21,34,10
768,Bright River and Bloom #768,2017-12-07,85,37
769,Secret Signal of Salt #769,1997-08-28,162,3
770,Bright Forest of Thunder #770,2003-05-04,232,20
771,Hidden Wanderer of Salt #771,2003-07-29,20,13
772,Silent Ocean and Silk #772,2014-11-11,79,13
773,Ancient Atlas #773,2016-12-23,159,21
774,Restless Street #774,2016-04-22,68,14
775,Velvet Garden of Salt #775,1970-05-15,160,3
776,Winter Mountain #776,1999-11-26,240,3
777,Golden Wanderer #777,1998-01-13,12,37
778,Forgotten Chapel #778,1998-10-15,103,13
779,Forgotten Labyrinth and Smoke #779,1980-07-22,140,10
780,Shattered Labyrinth of Salt #780,1988-07-14,278,23
781,Emerald Horizon of Stone #781,2021-07-03,126,11
782,Silent Crown #782,2000-05-22,277,29
783,Crimson Harbor of Glass #783,1979-07-04,197,4
784,Silent Forest and Smoke #784,2025-04-17,183,20
785,Ancient Archive #785,2017-11-11,41,30
786,Storm Harbor and Smoke #786,1978-09-23,234,20
787,Winter Chapel #787,2011-10-03,241,15
788,Last Harbor #788,2025-05-07,133,24
789,Luminous Compass #789,1999-08-21,167,30
790,Sapphire River of Salt #790,2001-07-13,246,30
791,Shattered Crown #791,2024-03-24,295,9
792,Frost Empire of Salt #792,1999-03-28,285,42
793,Silent Crown and Bloom #793,2022-12-24,212,16
794,Secret Tower and Silk #794,2004-06-07,34,22
795,Hidden Kite #795,2009-01-21,291,22
796,Emerald Kite of Stars #796,2021-07-07,250,8
797,Storm Mountain of Salt #797,2009-12-10,91,20
798,Luminous Library #798,2023-07-05,195,21
799,Sapphire Chapel #799,1978-02-14,112,9
800,Storm Street #800,1970-01-07,76,43
801,Restless Ocean and Bloom #801,2025-03-24,296,29
802,Hidden Archive #802,1998-05-28,154,37
803,Winter Crown #803,2009-01-01,177,6
804,Storm River #804,2015-10-17,207,9
805,Forgotten Garden of Glass #805,1970-01-28,287,23
806,Golden Crown #806,1991-02-08,222,45
807,Storm Signal #807,2004-05-05,208,25
808,Iron Machine of Fire #808,2012-08-08,72,13
809,Emerald Signal #809,2002-04-28,214,10
810,Forgotten Constellation of Ash #810,1976-06-08,9,10
811,Velvet Atlas #811,1982-03-08,44,9
812,Autumn Forest #812,2024-03-23,218,40
813,Shattered Ocean and Smoke #813,2004-07-07,182,15
814,Shattered Forest #814,2021-11-06,256,16
815,Summer Wanderer and Bone #815,1973-01-01,20,37
816,Sapphire Kite and Silk #816,1977-03-08,73,34
817,Bright Ocean of Stars #817,1992-01-01,242,41
818,Velvet Constellation #818,1977-01-02,277,38
819,Forgotten Mountain of Night #819,2017-12-31,6,31
820,Paper Wanderer #820,2021-06-29,170,27
821,Wild Crown of Glass #821,2023-08-14,156,37
822,Bright Garden #822,2021-11-13,87,37
823,Crimson Constellation #823,1972-06-13,147,32
824,Silent Harbor of Honey #824,1992-08-12,68,40
825,Bright Labyrinth #825,1971-04-11,58,39
826,Shattered City #826,2010-01-26,190,12
827,Bright Kite of Fire #827,2017-04-25,17,22
828,Silent Harbor #828,1983-10-31,254,27
829,Luminous Tower #829,1985-01-03,108,37
830,Velvet Mirror of Honey #830,1980-05-28,27,11
831,Paper Signal and Silk #831,2017-10-10,120,25
832,Winter Kite of Honey #832,1983-01-09,272,28
833,Midnight Crown #833,2010-04-07,196,44
834,Ancient Wanderer #834,1973-09-06,50,35
835,Autumn Mirror #835,2008-09-26,313,42
836,Bright Horizon of Salt #836,1992-11-28,300,26
837,Paper Street #837,1991-09-11,302,13
838,Frost Horizon #838,1986-02-21,161,36
839,Midnight Constellation of Stars #839,1971-01-27,211,7
840,Frost Empire #840,2001-07-15,113,19
841,Bright Archive of Stars #841,1975-02-07,305,43
842,Hidden Mountain #842,1980-10-06,45,39
843,Restless Signal #843,2020-10-13,95,8
844,Summer Compass and Smoke #844,1976-10-17,233,18
845,Iron Kite #845,1999-01-06,132,11
846,Silent Labyrinth #846,2004-05-05,199,22
847,Crimson Labyrinth #847,1993-09-29,92,29
848,Silent Atlas #848,1988-01-02,313,26
849,Shattered Chapel of Shadows #849,2018-07-03,221,14
850,Secret Chapel and Smoke #850,1993-03-27,53,3
851,Silent Library #851,1992-06-25,229,2
852,Sapphire Harbor #852,1970-01-29,20,43
853,Luminous Labyrinth of Night #853,2005-02-09,295,1
854,Frost Kite #854,2014-01-08,245,28
855,Luminous Bridge #855,1976-04-16,277,15
856,Midnight Signal #856,2013-04-01,63,37
857,Emerald Mirror of Stone #857,2005-12-10,29,41
858,Autumn Library of Night #858,1977-03-21,236,19
859,Autumn Archive of Glass #859,2004-06-19,98,20
860,Summer Signal #860,2002-03-26,250,6
861,Autumn Ocean #861,1982-07-22,19,13
862,Midnight Bridge #862,1991-05-25,251,25
863,Silent Machine #863,2014-10-30,274,29
864,Midnight Garden of Night #864,1973-11-03,208,8
865,Hidden Chapel #865,2011-02-14,275,10
866,Velvet City of Stars #866,1973-04-23,73,32
867,Autumn River of Glass #867,1991-10-10,67,1
868,Shattered Chapel of Stone #868,1978-09-24,234,40
869,Shattered City of Salt #869,1980-03-30,255,39
870,Secret Tower of Snow #870,2008-03-28,173,44
871,Luminous Horizon of Shadows #871,1998-11-07,110,3
872,Storm Compass of Salt #872,1994-07-28,73,27
873,Shattered Kite of Fire #873,2009-05-10,125,38
874,Crimson Harbor and Bloom #874,1984-02-26,9,32
875,Silent River of Stars #875,2023-04-08,146,27
876,Summer Street of Shadows #876,1988-06-30,74,41
877,Bright Wanderer of Thunder #877,1985-08-29,313,45
878,Crimson Mountain and Silk #878,2024-11-28,46,41
879,Forgotten Mirror of Thunder #879,1987-03-21,61,34
880,Golden Mountain of Thunder #880,2011-08-25,107,18
881,Crimson Archive of Shadows #881,2012-07-24,255,12
882,Shattered Constellation #882,1974-11-06,187,19
883,Hidden Forest and Smoke #883,1973-11-20,54,4
884,Emerald Compass of Ash #884,2013-07-08,264,8
885,Silent Tower #885,2023-03-05,297,21
886,Iron Archive #886,1999-03-22,118,8
887,Ancient Tower and Steel #887,1987-12-10,193,15
888,Silent Atlas #888,1974-11-16,224,10
889,Hidden Mountain and Bloom #889,2003-07-05,70,30
890,Velvet Archive #890,1994-03-13,104,22
891,Restless Garden #891,1975-05-09,144,9
892,Golden Ocean of Fire #892,2000-10-28,113,19
893,Secret Compass #893,2024-11-11,88,37
894,Emerald Tower and Silk #894,1989-06-02,303,31
895,Paper Labyrinth and Steel #895,1992-02-17,127,21
896,Iron City of Shadows #896,2021-06-21,3,27
897,Crimson Garden #897,2015-03-28,18,28
898,Frost Signal of Salt #898,2010-08-04,254,16
899,Silent Machine #899,2006-06-25,112,9
900,Wild Crown of Stars #900,1971-06-06,246,43
901,Forgotten Compass #901,2021-03-04,299,2
902,Paper Ocean #902,2006-05-14,95,24
903,Autumn Ocean #903,1970-02-14,37,25
904,Summer Horizon of Stone #904,2008-03-17,139,45
905,Secret Machine #905,1988-08-01,42,40
906,Ancient Bridge #906,2016-03-06,187,4
907,Golden Signal of Glass #907,2002-10-19,188,12
908,Autumn Machine #908,2020-04-22,105,9
909,Ancient Tower and Silk #909,2022-01-17,108,15
910,Ancient Mirror #910,2015-03-06,217,18
911,Crimson Library and Smoke #911,2013-08-15,257,34
912,Golden Atlas #912,2017-10-21,150,29
913,Secret Mirror #913,1975-11-21,97,30
914,Silent Library of Fire #914,1995-11-15,40,7
915,Shattered Labyrinth of Shadows #915,2014-07-12,78,14
916,Frost Chapel and Steel #916,2018-07-29,68,31
917,Wild Forest of Ash #917,1996-02-26,97,5
918,Midnight Tower #918,2016-08-13,172,27
919,Storm Horizon #919,1999-04-11,249,38
920,Winter Kite and Smoke #920,2011-02-02,156,37
921,Restless Crown of Honey #921,1990-05-07,248,24
922,Forgotten Street #922,1983-04-23,181,19
923,Paper Compass #923,1984-06-04,275,19
924,Shattered Compass #924,1983-10-09,83,16
925,Golden Garden #925,2021-07-18,65,29
926,Bright Mirror of Glass #926,1998-06-08,177,10
927,Wild Ocean of Fire #927,2017-11-16,155,8
928,Midnight Signal #928,1983-01-16,235,21
929,Restless River #929,2018-12-31,260,22
930,Autumn Kite of Stone #930,2021-06-21,76,37
931,Velvet Ocean of Salt #931,2012-12-21,21,9
932,Winter Machine of Ash #932,2006-01-12,317,15
933,Paper Mirror of Glass #933,2024-07-23,100,38
934,Frost Tower #934,1994-12-08,101,2
935,Silent Machine #935,1977-11-03,263,26
936,Hidden Atlas of Glass #936,2002-05-24,204,10
937,Summer Forest and Bone #937,1971-02-04,146,23
938,Wild Crown #938,2020-05-01,45,14
939,Velvet Ocean #939,2007-04-15,227,19
940,Shattered Bridge #940,2008-01-10,213,9
941,Storm Mountain of Snow #941,1997-03-16,244,34
942,Ancient Library #942,2022-12-29,193,6
943,Midnight Forest #943,1994-07-10,213,12
944,Emerald Ocean #944,1982-04-14,103,12
945,Luminous Crown #945,1973-10-15,155,38
946,Forgotten Atlas #946,2011-07-31,115,2
947,Midnight Harbor and Silk #947,1981-02-21,148,27
948,Shattered Atlas #948,1991-12-16,15,8
949,Bright Atlas #949,1975-12-27,307,24
950,Storm Atlas #950,1993-02-20,244,45
951,Golden Mirror of Ash #951,1993-04-14,84,38
952,Crimson Harbor of Shadows #952,2002-01-23,84,4
953,Bright Mirror and Bone #953,1974-05-16,149,19
954,Frost Chapel #954,2016-02-07,100,41
955,Shattered Street of Fire #955,2018-10-12,166,21
956,Winter Crown and Bone #956,1978-08-07,274,38
957,Wild Harbor of Stone #957,2003-06-19,249,27
958,Ancient Compass of Shadows #958,2015-02-28,114,13
959,Emerald Mountain #959,2017-02-27,273,36
960,Summer Street #960,2007-06-11,236,5
961,Golden Harbor #961,2013-01-07,179,20
962,Summer Mirror and Smoke #962,2023-08-14,268,22
963,Shattered Kite of Salt #963,1989-12-13,66,45
964,Restless Kite of Shadows #964,1988-10-29,67,6
965,Iron Kite #965,1980-01-09,40,2
966,Sapphire Street of Snow #966,1979-09-03,17,43
967,Frost City of Salt #967,1992-09-12,23,5
968,Forgotten Constellation of Salt #968,1981-02-08,309,14
969,Storm Archive and Bone #969,1972-08-16,47,10
970,Velvet Labyrinth #970,2001-03-16,181,11
971,Frost Street #971,1991-09-12,259,37
972,Silent Empire #972,1971-04-04,271,14
973,Summer Archive #973,1985-05-30,276,1
974,Velvet Empire #974,2015-03-27,244,24
975,Summer City of Salt #975,1986-03-24,182,25
976,Iron Archive and Steel #976,1980-02-15,161,8
977,Paper Empire and Silk #977,2002-05-30,148,36
978,Velvet Garden and Silk #978,1980-05-19,198,19
979,Paper Mountain #979,2009-10-30,116,36
980,Iron Crown #980,2008-05-24,97,5
981,Sapphire Constellation of Ash #981,2014-02-09,54,26
982,Paper Wanderer #982,1977-08-17,62,10
983,Luminous Signal #983,1979-02-16,87,5
984,Wild Archive and Bloom #984,1981-01-05,120,28
985,Velvet Atlas of Honey #985,2005-11-27,183,31
986,Winter Mountain #986,2013-06-21,262,18
987,Restless Street of Salt #987,1992-06-28,251,32
988,Last Chapel #988,1972-08-31,51,4
989,Silent Atlas #989,1986-01-25,196,39
990,Winter Horizon of Salt #990,1976-11-12,267,32
991,Paper Archive and Silk #991,2013-12-25,259,17
992,Emerald Horizon #992,2018-06-30,280,2
993,Crimson Forest #993,1980-09-08,197,29
994,Ancient Signal of Glass #994,1972-12-12,91,36
995,Winter Street of Fire #995,2014-02-03,221,9
996,Forgotten Kite of Salt #996,2021-01-13,252,43
997,Emerald Constellation and Silk #997,2012-09-11,288,11
998,Frost Garden and Silk #998,2023-01-10,194,40
999,Winter Mirror #999,1995-07-09,165,4
1000,Midnight City and Bone #1000,2001-04-19,299,2
1001,Autumn Horizon and Steel #1001,2000-12-18,183,27
1002,Wild Garden #1002,1992-03-19,121,42
1003,Forgotten City of Stars #1003,1997-05-10,59,22
1004,Shattered River of Glass #1004,2011-05-09,217,37
1005,Frost Forest and Silk #1005,2022-10-02,12,21
1006,Luminous City of Salt #1006,2013-10-24,52,45
1007,Winter Archive of Night #1007,1984-12-13,315,20
1008,Wild Forest of Stars #1008,2018-01-27,110,19
1009,Bright Garden and Bloom #1009,1990-04-07,320,6
1010,Summer City of Night #1010,1994-07-11,35,37
1011,Frost Atlas and Bone #1011,1976-11-17,155,33
1012,Forgotten Forest #1012,1998-02-10,103,27
1013,Luminous Labyrinth #1013,2010-08-30,281,12
1014,Midnight Chapel #1014,1986-09-26,296,32
1015,Hidden Constellation #1015,2011-12-04,138,41
1016,Emerald Mountain #1016,2008-11-29,290,41
1017,Crimson Wanderer and Smoke #1017,1983-04-04,124,10
1018,Velvet Constellation #1018,2009-01-22,211,21
1019,Silent Chapel and Steel #1019,1993-12-12,147,42
1020,Shattered Labyrinth #1020,1991-03-09,208,16
1021,Golden Harbor of Thunder #1021,1997-11-10,238,32
1022,Emerald Forest of Glass #1022,1988-02-14,82,18
1023,Restless River of Honey #1023,2019-05-29,91,42
1024,Crimson Bridge of Ash #1024,1974-12-18,43,21
1025,Secret Crown #1025,2006-07-07,187,43
1026,Winter Library of Shadows #1026,1991-03-06,58,37
1027,Velvet Wanderer #1027,2016-10-29,298,34
1028,Bright Atlas #1028,1991-05-12,308,8
1029,Ancient Horizon #1029,2004-12-25,121,28
1030,Hidden Harbor of Snow #1030,1994-08-19,226,27
1031,Bright City and Bone #1031,1980-02-19,163,35
1032,Iron Atlas #1032,1994-12-01,75,24
1033,Sapphire Kite of Stone #1033,1971-11-22,311,3
1034,Velvet Constellation #1034,1974-11-27,123,17
1035,Emerald Signal and Bone #1035,1980-12-13,274,16
1036,Paper Signal and Bloom #1036,1992-12-04,155,6
1037,Last Crown of Fire #1037,2009-05-16,163,42
1038,Iron Garden of Stars #1038,2014-02-10,242,27
1039,Ancient Kite of Salt #1039,1984-05-21,134,33
1040,Silent Mirror of Night #1040,2010-08-31,15,4
1041,Autumn Chapel and Smoke #1041,1982-03-18,2,26
1042,Hidden Chapel of Stars #1042,1979-12-11,81,16
1043,Frost Kite #1043,1981-09-02,305,44
1044,Iron Horizon of Shadows #1044,1993-05-21,89,44
1045,Storm Horizon #1045,1987-10-28,44,27
1046,Wild Compass and Bloom #1046,2021-03-04,115,2
1047,Midnight Machine #1047,1990-07-09,46,30
1048,Hidden Labyrinth #1048,1985-02-20,26,26
1049,Secret Forest #1049,1983-05-23,46,24
1050,Shattered City and Steel #1050,2010-09-15,254,8
1051,Last Kite of Honey #1051,1995-11-01,254,25
1052,Restless Forest #1052,2023-11-02,111,19
1053,Velvet Constellation of Fire #1053,2006-08-26,75,2
1054,Forgotten Labyrinth and Smoke #1054,1992-04-11,190,38
1055,Winter Chapel of Ash #1055,2012-01-25,69,21
1056,Summer Signal #1056,2004-05-28,217,39
1057,Bright Library of Glass #1057,1974-09-04,171,16
1058,Sapphire Mirror #1058,2023-09-02,24,1
1059,Bright Wanderer #1059,1997-02-20,203,43
1060,Wild Harbor #1060,2020-03-14,22,38
1061,Shattered Labyrinth and Silk #1061,2000-06-06,240,9
1062,Silent Horizon #1062,2008-11-03,73,17
1063,Golden Horizon of Shadows #1063,2014-10-15,144,24
1064,Iron Crown #1064,1993-08-13,314,17
1065,Frost Horizon of Fire #1065,1998-04-23,252,10
1066,Emerald Constellation #1066,2009-06-22,28,13
1067,Restless Garden of Glass #1067,2012-03-10,134,11
1068,Summer Ocean and Silk #1068,1973-08-29,227,23
1069,Summer Machine and Silk #1069,1980-02-04,76,8
1070,Wild Library of Stone #1070,1986-03-17,87,33
1071,Bright City #1071,2022-07-18,109,38
1072,Midnight Wanderer #1072,1986-03-14,214,5
1073,Last Street of Salt #1073,1999-06-27,14,19
1074,Winter Constellation and Bone #1074,2022-12-18,55,21
1075,Restless River and Silk #1075,2010-09-26,138,39
1076,Winter River of Glass #1076,2025-11-01,232,21
1077,Velvet Bridge #1077,2021-01-23,67,14
1078,Crimson Chapel of Glass #1078,1976-05-06,281,39
1079,Luminous Library of Fire #1079,1991-07-16,205,6
1080,Midnight Archive and Bloom #1080,1995-07-25,79,8
1081,Forgotten Atlas #1081,1997-10-27,309,9
1082,Wild Constellation and Bone #1082,2015-12-29,103,32
1083,Paper Signal and Steel #1083,1978-02-04,217,24
1084,Secret Compass and Steel #1084,1978-05-04,21,33
1085,Ancient Ocean #1085,1983-11-30,254,34
1086,Autumn Chapel of Stone #1086,2012-01-03,224,6
1087,Sapphire Crown of Shadows #1087,1996-12-13,128,34
1088,Iron Crown #1088,2019-06-07,40,3
1089,Frost Empire and Steel #1089,1978-06-24,238,43
1090,Velvet City #1090,2001-11-21,131,38
1091,Silent Street of Salt #1091,2011-07-12,92,12
1092,Luminous Garden of Stone #1092,1998-03-02,301,30
1093,Winter Ocean #1093,1993-10-12,175,12
1094,Hidden Compass of Honey #1094,1979-07-17,223,35
1095,Midnight River of Ash #1095,1985-05-29,245,30
1096,Summer Signal #1096,2023-12-31,250,20
1097,Secret Mountain and Bloom #1097,1997-02-25,45,9
1098,Restless River of Ash #1098,1986-11-20,14,14
1099,Sapphire Chapel of Thunder #1099,2009-02-04,276,13
1100,Silent Crown #1100,1983-04-18,243,28
1101,Midnight Empire of Shadows #1101,2009-12-12,249,31
1102,Midnight Ocean #1102,1988-01-24,151,37
1103,Luminous Garden of Salt #1103,2008-09-26,213,32
1104,Velvet City #1104,2019-09-24,149,3
1105,Sapphire Signal and Silk #1105,1990-10-22,32,34
1106,Midnight Forest #1106,2019-08-21,33,18
1107,Autumn Forest #1107,1980-06-28,254,40
1108,Autumn Mirror and Steel #1108,1971-11-13,83,19
1109,Velvet Archive and Smoke #1109,1990-10-28,260,15
1110,Storm Constellation and Smoke #1110,1981-10-07,151,25
1111,Iron Constellation #1111,2002-04-27,242,11
1112,Secret Archive of Stars #1112,2013-04-28,67,12
1113,Hidden Compass #1113,1979-01-20,213,32
1114,Forgotten Tower of Glass #1114,1971-08-18,184,17
1115,Wild Constellation of Glass #1115,1975-09-18,173,28
1116,Golden Mountain of Thunder #1116,2013-08-20,133,22
1117,Wild Street of Honey #1117,1983-07-25,264,39
1118,Winter Empire #1118,2009-04-12,235,8
1119,Golden Mountain #1119,1979-02-21,288,3
1120,Frost Empire of Salt #1120,1988-06-05,186,11
1121,Velvet Crown #1121,2015-05-22,256,7
1122,Restless Chapel of Shadows #1122,1981-01-12,104,29
1123,Iron Street #1123,1992-01-04,243,22
1124,Forgotten Wanderer of Honey #1124,2003-05-31,213,24
1125,Autumn Constellation and Steel #1125,1990-06-22,71,28
1126,Iron Forest #1126,2016-04-22,186,2
1127,Paper Harbor #1127,2016-05-31,36,6
1128,Ancient Horizon of Fire #1128,2008-12-10,32,26
1129,Crimson Constellation #1129,1983-07-18,295,4
1130,Autumn Kite #1130,2016-08-19,152,27
1131,Luminous Constellation #1131,1997-04-21,161,23
1132,Midnight Labyrinth #1132,2024-10-05,76,45
1133,Luminous Ocean #1133,2018-11-04,320,40
1134,Autumn Ocean #1134,2006-04-16,102,20
1135,Silent Garden and Bloom #1135,1981-04-21,267,35
1136,Forgotten Archive of Stone #1136,2016-10-09,175,41
1137,Shattered River of Honey #1137,1991-08-27,156,28
1138,Frost Empire #1138,2003-06-18,133,41
1139,Frost Mirror of Salt #1139,2010-04-05,153,37
1140,Velvet River of Thunder #1140,2022-03-06,290,41
1141,Winter Machine #1141,1990-12-24,180,20
1142,Forgotten Constellation #1142,2021-05-21,72,25
1143,Frost Bridge of Night #1143,2016-05-02,299,13
1144,Wild Ocean and Steel #1144,2006-12-20,42,6
1145,Crimson Forest #1145,2012-09-22,110,29
1146,Silent Mirror #1146,2006-02-18,302,36
1147,Frost Street of Honey #1147,2022-06-03,256,41
1148,Iron Ocean #1148,2013-12-02,214,11
1149,Restless Wanderer and Smoke #1149,1981-08-10,263,34
1150,Golden Kite and Silk #1150,1972-12-04,81,36
1151,Wild Empire #1151,2006-08-29,57,8
1152,Wild City of Shadows #1152,1980-07-25,191,20
1153,Wild Crown of Ash #1153,1982-10-26,73,38
1154,Iron Garden #1154,1997-05-18,146,14
1155,Shattered Bridge of Salt #1155,2019-02-14,179,5
1156,Crimson Forest of Stone #1156,2020-10-03,232,22
1157,Luminous Atlas #1157,2024-05-04,68,9
1158,Frost Chapel and Smoke #1158,2010-04-16,77,21
1159,Silent Mountain #1159,2006-10-01,199,15
1160,Luminous Horizon and Smoke #1160,1994-11-20,46,11
1161,Summer River #1161,1997-09-16,288,42
1162,Golden Chapel #1162,1987-04-07,317,35
1163,Storm Street of Snow #1163,2012-09-09,258,2
1164,Golden Constellation #1164,1986-02-15,10,18
1165,Hidden Tower #1165,2021-12-29,228,6
1166,Emerald Mountain of Glass #1166,2014-02-03,12,22
1167,Iron Compass of Night #1167,2004-04-09,132,6
1168,Golden Empire of Stone #1168,1982-12-03,94,17
1169,Silent Harbor and Steel #1169,1985-03-07,31,40
1170,Ancient Compass of Glass #1170,1996-09-26,200,7
1171,Ancient Harbor of Night #1171,1993-02-20,193,8
1172,Crimson Archive of Thunder #1172,2014-03-24,261,33
1173,Luminous Empire of Night #1173,2011-09-14,284,27
1174,Silent Atlas of Thunder #1174,1971-09-03,138,36
1175,Storm Constellation of Shadows #1175,1997-04-30,291,27
1176,Paper Library #1176,2014-11-24,105,10
1177,Wild Machine #1177,1991-12-30,276,28
1178,Emerald Ocean and Smoke #1178,2025-09-09,149,42
1179,Shattered River and Silk #1179,1994-07-09,307,17
1180,Winter Signal #1180,1989-02-01,300,33
1181,Forgotten Garden of Stars #1181,1996-12-21,46,26
1182,Summer Empire #1182,2019-12-04,144,28
1183,Hidden Mountain of Night #1183,2000-09-27,134,29
1184,Bright Tower #1184,1998-11-09,175,14
1185,Paper Mountain of Shadows #1185,1970-03-09,312,31
1186,Midnight River #1186,2007-01-25,285,45
1187,Summer Atlas #1187,2018-04-12,42,42
1188,Autumn Library and Smoke #1188,1981-01-27,181,25
1189,Secret Mirror of Ash #1189,1981-03-12,237,24
1190,Hidden Ocean of Ash #1190,1995-03-23,184,13
1191,Silent Mountain #1191,1989-11-03,120,32
1192,Wild Garden of Snow #1192,1970-08-22,101,41
1193,Luminous Empire #1193,2021-01-21,257,32
1194,Shattered Machine of Fire #1194,1975-11-12,302,9
1195,Velvet Library of Thunder #1195,2016-12-05,141,13
1196,Winter River #1196,2017-10-24,315,17
1197,Winter Machine #1197,1970-03-06,219,42
1198,Winter Chapel of Night #1198,2008-10-21,209,18
1199,Golden Constellation and Silk #1199,2002-06-06,265,3
1200,Velvet Tower and Steel #1200,2017-10-07,230,21
1201,Midnight Signal of Stars #1201,2021-04-20,13,15
1202,Summer Forest #1202,1992-06-05,101,11
1203,Ancient Crown of Salt #1203,1972-07-02,246,28
1204,Midnight City #1204,1999-12-29,129,16
1205,Golden Atlas of Night #1205,1974-11-19,171,34
1206,Last Library #1206,2025-08-01,225,7
1207,Autumn Ocean #1207,1977-09-03,32,3
1208,Luminous Horizon #1208,1975-11-01,66,4
1209,Paper Garden and Steel #1209,1975-11-26,53,44
1210,Crimson Machine and Bloom #1210,2006-01-14,50,40
1211,Iron Tower #1211,2025-12-25,6,30
1212,Luminous Ocean #1212,2025-08-23,318,7
1213,Ancient Chapel #1213,1972-05-01,233,34
1214,Ancient City of Salt #1214,1971-02-07,305,5
1215,Storm Archive #1215,1981-04-21,261,17
1216,Wild Forest and Smoke #1216,1986-09-06,125,9
1217,Crimson Garden and Steel #1217,2016-01-14,184,20
1218,Storm Machine #1218,1983-03-24,241,20
1219,Secret Horizon of Ash #1219,2016-06-11,301,43
1220,Winter Harbor of Glass #1220,2007-11-13,177,13
1221,Hidden Chapel #1221,1976-02-20,175,13
1222,Winter Atlas #1222,2011-12-07,308,45
1223,Ancient City #1223,2000-02-11,316,20
1224,Iron Horizon and Smoke #1224,1973-10-14,254,15
1225,Midnight Chapel of Thunder #1225,2011-11-09,320,14
1226,Last Atlas #1226,1999-09-29,193,14
1227,Luminous Compass #1227,1970-08-09,186,1
1228,Silent Mirror of Salt #1228,1982-10-11,149,29
1229,Hidden Chapel #1229,2002-04-16,23,2
1230,Hidden Archive of Thunder #1230,1993-07-04,90,22
1231,Emerald Tower of Ash #1231,1985-10-18,135,7
1232,Midnight Constellation of Salt #1232,2000-05-11,108,20
1233,Paper Tower and Bone #1233,1985-05-17,270,40
1234,Iron Kite of Shadows #1234,1981-09-25,98,13
1235,Emerald Signal #1235,1998-07-11,307,28
1236,Autumn Tower #1236,2025-04-08,301,13
1237,Emerald Crown #1237,1999-05-26,127,4
1238,Autumn Labyrinth #1238,2015-08-07,300,32
1239,Hidden Bridge and Silk #1239,2025-03-01,34,11
1240,Frost Signal #1240,2015-09-06,192,32
1241,Frost Ocean and Bone #1241,2017-02-21,248,32
1242,Sapphire Labyrinth #1242,2022-05-23,19,14
1243,Last Archive of Thunder #1243,2005-07-08,112,20
1244,Iron Signal #1244,2003-07-25,131,36
1245,Silent Harbor #1245,1996-06-21,228,34
1246,Wild Tower #1246,2011-09-28,263,40
1247,Ancient Forest and Steel #1247,2006-09-09,189,32
1248,Ancient Labyrinth of Fire #1248,2009-08-17,120,17
1249,Autumn Library of Stars #1249,1996-06-03,257,33
1250,Emerald Chapel of Honey #1250,1990-06-07,51,8
1251,Silent Mirror of Snow #1251,1999-12-11,101,44
1252,Ancient Labyrinth of Honey #1252,1987-02-07,310,9
1253,Summer Bridge of Honey #1253,1970-10-07,154,19
1254,Wild Signal #1254,2022-01-11,7,31
1255,Autumn Wanderer #1255,1983-05-24,204,15
1256,Last Bridge #1256,2012-07-25,120,34
1257,Storm Machine #1257,2011-05-25,175,6
1258,Ancient Archive and Steel #1258,1988-10-20,225,29
1259,Emerald River of Shadows #1259,1997-05-31,5,32
1260,Winter Mirror and Steel #1260,2008-03-11,207,45
1261,Emerald Crown of Ash #1261,2020-12-02,17,9
1262,Restless Horizon #1262,2024-02-06,312,37
1263,Luminous Signal and Bloom #1263,1975-09-19,274,25
1264,Hidden Atlas and Smoke #1264,1997-05-01,48,11
1265,Golden Constellation #1265,1972-11-16,309,32
1266,Midnight Compass and Bloom #1266,1995-06-19,106,15
1267,Forgotten Constellation and Smoke #1267,1975-02-26,189,34
1268,Midnight Compass and Steel #1268,2005-02-01,81,8
1269,Restless Machine of Stars #1269,2004-11-24,106,9
1270,Hidden Crown and Silk #1270,1984-03-30,310,37
1271,Forgotten City and Smoke #1271,1994-09-17,104,1
1272,Restless Ocean and Bloom #1272,2024-04-06,127,34
1273,Ancient City #1273,2011-04-15,237,37
1274,Crimson Bridge and Smoke #1274,2001-02-10,153,26
1275,Secret Compass of Fire #1275,2025-06-02,222,30
1276,Luminous Constellation of Salt #1276,2005-04-22,23,16
1277,Shattered Labyrinth #1277,2018-03-30,150,43
1278,Silent Kite #1278,1989-06-29,253,27
1279,Emerald Empire #1279,1976-11-12,54,33
1280,Ancient Forest of Honey #1280,1988-08-09,260,3
1281,Paper River and Smoke #1281,2004-03-12,176,26
1282,Hidden Signal of Honey #1282,1980-04-15,70,21
1283,Winter Bridge and Smoke #1283,1976-02-14,43,36
1284,Winter Tower #1284,2009-04-09,72,31
1285,Bright Compass of Ash #1285,2024-06-15,52,12
1286,Forgotten Empire and Bloom #1286,1985-02-10,40,43
1287,Midnight Constellation and Smoke #1287,2002-02-15,92,14
1288,Summer Garden #1288,2017-10-03,111,29
1289,Summer Garden #1289,2016-11-28,53,25
1290,Summer Crown of Ash #1290,1974-05-14,194,13
1291,Last Mirror #1291,1987-12-11,47,2
1292,Iron River #1292,2000-03-30,99,44
1293,Winter Library of Salt #1293,1985-01-23,86,3
1294,Iron Wanderer of Night #1294,1998-12-13,288,41
1295,Hidden Mountain and Bloom #1295,2008-05-21,62,15
1296,Hidden Empire of Fire #1296,1971-05-07,206,42
1297,Ancient River and Smoke #1297,1989-09-30,34,43
1298,Bright Chapel #1298,1973-12-10,35,14
1299,Iron Crown #1299,2014-10-27,53,35
1300,Storm Compass of Salt #1300,2023-10-26,167,41
1301,Summer Signal #1301,1981-12-04,171,12
1302,Autumn Street #1302,1998-07-12,247,5
1303,Ancient River #1303,2022-06-27,230,25
1304,Frost Chapel #1304,2015-03-02,301,1
1305,Last River #1305,1981-02-17,159,16
1306,Velvet Forest #1306,2025-08-08,41,4
1307,Restless Mirror of Snow #1307,1983-08-10,193,14
1308,Autumn Garden and Smoke #1308,1999-06-28,69,18
1309,Ancient Chapel #1309,1973-07-21,267,27
1310,Autumn Crown #1310,1990-07-19,170,22
1311,Last Archive of Thunder #1311,1989-12-16,312,25
1312,Frost Horizon of Ash #1312,1975-10-19,252,5
1313,Hidden Garden #1313,1982-09-12,105,9
1314,Silent Compass #1314,1988-05-02,121,33
1315,Silent Forest #1315,1997-12-11,85,13
1316,Last Forest of Thunder #1316,1997-03-12,147,37
1317,Paper Chapel and Silk #1317,1977-03-06,185,26
1318,Luminous Compass and Steel #1318,2015-05-02,313,28
1319,Restless Atlas and Bloom #1319,2008-05-05,43,20
1320,Secret Machine of Fire #1320,1993-01-30,195,30
1321,Forgotten Ocean and Silk #1321,1976-06-15,171,9
1322,Summer Atlas of Snow #1322,1970-05-17,7,33
1323,Velvet Bridge and Bloom #1323,2007-04-22,203,24
1324,Luminous Atlas of Stars #1324,2006-09-04,20,8
1325,Luminous City and Steel #1325,1992-11-25,179,33
1326,Summer Atlas #1326,2003-01-12,30,42
1327,Luminous Forest #1327,1991-09-29,245,3
1328,Wild Chapel #1328,1972-07-14,76,17
1329,Secret Ocean #1329,1983-03-22,131,16
1330,Secret City #1330,1984-06-25,7,8
1331,Silent Chapel #1331,2004-06-25,204,38
1332,Silent Wanderer #1332,2007-12-12,85,28
1333,Bright Kite and Bloom #1333,2022-07-31,158,27
1334,Velvet Library and Bone #1334,1982-10-21,138,14
1335,Velvet Signal #1335,1970-07-30,87,32
1336,Midnight Empire and Steel #1336,2017-02-04,214,42
1337,Forgotten Bridge of Fire #1337,2003-08-12,96,9
1338,Hidden Atlas of Salt #1338,2010-06-07,291,14
1339,Shattered Archive of Fire #1339,1987-03-20,133,27
1340,Paper Chapel #1340,1979-10-19,86,6
1341,Forgotten Library of Honey #1341,1975-10-07,176,2
1342,Storm Tower of Salt #1342,1970-11-08,32,18
1343,Midnight Constellation #1343,1973-10-03,50,14
1344,Frost River of Honey #1344,2013-08-05,243,22
1345,Secret Forest of Night #1345,1998-04-13,123,24
1346,Winter Signal of Glass #1346,2001-12-10,170,7
1347,Midnight Ocean #1347,2006-01-18,72,2
1348,Secret Empire #1348,1995-01-27,128,24
1349,Paper Mountain #1349,2012-08-19,264,27
1350,Winter Archive of Night #1350,1971-06-29,185,3
1351,Velvet Horizon #1351,1990-12-15,311,32
1352,Luminous Bridge #1352,1977-04-20,179,28
1353,Sapphire Constellation #1353,1979-01-05,198,19
1354,Secret Archive #1354,2016-08-28,293,33
1355,Crimson Harbor of Stars #1355,1997-01-13,281,30
1356,Shattered Ocean #1356,2013-04-04,277,16
1357,Last Archive of Stars #1357,1979-06-19,223,2
1358,Shattered Horizon #1358,1995-02-25,113,17
1359,Winter Atlas #1359,1981-01-16,70,35
1360,Autumn Bridge of Night #1360,1990-01-29,295,39
1361,Silent Chapel and Bloom #1361,2020-05-30,224,15
1362,Last Labyrinth of Stars #1362,1979-12-29,46,22
1363,Velvet City #1363,1980-06-01,294,24
1364,Restless Horizon #1364,2021-10-04,1,20
1365,Crimson City and Bloom #1365,2008-01-05,164,24
1366,Winter Harbor of Thunder #1366,1979-07-25,203,1
1367,Emerald Ocean of Stone #1367,1989-08-22,256,44
1368,Paper Harbor #1368,1983-02-01,18,39
1369,Ancient Crown of Salt #1369,1994-07-14,294,31
1370,Autumn Archive and Bloom #1370,1975-04-12,171,10
1371,Summer Archive #1371,1990-03-12,27,12
1372,Sapphire Bridge of Fire #1372,1971-12-08,281,26
1373,Ancient Forest #1373,2001-04-01,201,26
1374,Silent Wanderer #1374,1995-05-02,100,45
1375,Emerald Signal of Night #1375,2022-01-26,28,20
1376,Paper Chapel of Shadows #1376,2009-08-23,248,19
1377,Restless Archive of Snow #1377,1970-10-27,186,37
1378,Golden Constellation #1378,1983-03-30,193,28
1379,Winter Compass #1379,1978-08-14,183,31
1380,Shattered Garden of Night #1380,2023-03-28,223,10
1381,Autumn Bridge of Glass #1381,1980-08-28,124,26
1382,Sapphire Crown #1382,1985-06-23,193,45
1383,Winter Constellation and Smoke #1383,2004-04-12,141,41
1384,Autumn Ocean of Salt #1384,1980-06-18,43,8
1385,Sapphire Chapel #1385,2015-09-25,116,2
1386,Storm City #1386,2013-01-07,141,45
1387,Velvet Empire #1387,1986-04-01,197,31
1388,Autumn Kite of Shadows #1388,1978-12-03,167,5
1389,Summer Machine of Ash #1389,2005-04-30,285,35
1390,Frost Atlas of Salt #1390,1988-08-12,61,12
1391,Secret Kite and Smoke #1391,1998-03-13,63,3
1392,Restless City of Fire #1392,1977-11-17,288,17
1393,Crimson Library #1393,2015-05-30,153,24
1394,Emerald Compass of Ash #1394,1992-04-12,154,3
1395,Frost Crown #1395,2009-12-01,72,37
1396,Sapphire Kite and Bone #1396,2024-05-20,276,33
1397,Hidden Kite of Glass #1397,1991-04-10,19,13
1398,Restless Crown #1398,1989-04-23,69,39
1399,Emerald Archive #1399,1994-11-20,66,40
1400,Iron Library of Honey #1400,2004-04-02,84,26
